開催日,開催時間,イベント名,開催場所,開催場所の住所,定員,費用,持ち物,申し込み方法,イベントページURL
2025/12/22,,鹿ノ台英語サロン公開講座,,,,,,,https://www.city.ikoma.lg.jp/0000039507.html
2025/12/21,,【図書館】新聞バッグ講座を開催します！,,,,,,,https://www.city.ikoma.lg.jp/0000039629.html
2025/12/21,,わらしべリメイク雑貨づくりの会（ららポート登録団体主催）,,,,,,,https://www.city.ikoma.lg.jp/0000039509.html
2025/12/20,,わらしべ市 in ベルステージ（ららポート登録団体主催）,,,,,,,https://www.city.ikoma.lg.jp/0000039290.html
2025/12/19,,おでかけてくてくに遊びに来ませんか,,,,,,,https://www.city.ikoma.lg.jp/0000039502.html
2025/12/18,,里山イベント　竹林の手入れに参加してみませんか,,,,,,,https://www.city.ikoma.lg.jp/0000039275.html
2025/12/16,,第26回コンサート,,,,,,,https://www.city.ikoma.lg.jp/0000039505.html
2025/12/15,,【追加募集！】親と子のあそび「うさぎ」（12月15日）,,,,,,,https://www.city.ikoma.lg.jp/0000039221.html
2025/12/14,,お産の写真展「ようこそ」 Dr．ティラノお話し会,,,,,,,https://www.city.ikoma.lg.jp/0000039105.html
2025/12/14,,生駒山麓公園イベント　望遠鏡をつくろう,,,,,,,https://www.city.ikoma.lg.jp/0000039089.html
2025/12/14,,生駒山麓公園イベント　天体観測会 ふたご座流星群と星を楽しもう,,,,,,,https://www.city.ikoma.lg.jp/0000039087.html
2025/12/14,,みなみの図書館“未在亭” 其の23「生駒の天孫ニギハヤヒと稲蔵神社」を開催します,,,,,,,https://www.city.ikoma.lg.jp/0000039378.html
2025/12/13,,ハンドボール体験会,,,,,,,https://www.city.ikoma.lg.jp/0000039488.html
2025/12/13,,社交ダンス無料体験講習会,,,,,,,https://www.city.ikoma.lg.jp/0000039506.html
2025/12/11,,ストレス解消健康カラオケ,,,,,,,https://www.city.ikoma.lg.jp/0000039374.html
2025/12/11,,「ちどりであそぼ」の子育て講座（12月・1月）,,,,,,,https://www.city.ikoma.lg.jp/0000039226.html
2025/12/10,,親と子のあそび「ひよこ」【受付終了】,,,,,,,https://www.city.ikoma.lg.jp/0000039220.html
2025/12/07,,生駒山麓公園イベント　本格ピザ窯でピザ作り体験,,,,,,,https://www.city.ikoma.lg.jp/0000039086.html
2025/12/06,,【図書館南分館】冬のちょこっと工作とおはなし会を開催します,,,,,,,https://www.city.ikoma.lg.jp/0000039214.html
2025/12/06,,生駒のお話や歴史を大画面の紙芝居でお届け！（ららポート登録団体主催）,,,,,,,https://www.city.ikoma.lg.jp/0000039088.html
2025/12/05,,「かるがものおへや」に遊びに来ませんか？(12月・1月),,,,,,,https://www.city.ikoma.lg.jp/0000039504.html
2025/12/03,,12月の子育てひろば【参加者募集】,,,,,,,https://www.city.ikoma.lg.jp/0000039219.html
2025/11/17,,【受付終了】親子の絆づくりプログラム　赤ちゃんがきた！(11月開講),,,,,,,https://www.city.ikoma.lg.jp/0000038963.html
2025/11/08,,あゆみの会歴史ハイキング,,,,,,,https://www.city.ikoma.lg.jp/0000039372.html
2025/10/30,,どならない子育てについて考えてみませんか？（10月開講）【受付終了】,,,,,,,https://www.city.ikoma.lg.jp/0000038812.html
2025/10/16,,壊れたおもちゃを修理 おもちゃ病院を開院（ららポート登録団体主催）,,,,,,,https://www.city.ikoma.lg.jp/0000038034.html
2025/10/08,,心と体をほぐす スキマダンスクラブ,,,,,,,https://www.city.ikoma.lg.jp/0000038872.html
2025/10/01,,ちょこっと囲碁～3歳から大人まで～（ららポート登録団体主催）,,,,,,,https://www.city.ikoma.lg.jp/0000038131.html
2025/05/31,,ふろーらむガーデニング講座　NEXT STAGE,,,,,,,https://www.city.ikoma.lg.jp/0000037979.html
2025/05/24,,ふろーらむガーデニング講座　入門編,,,,,,,https://www.city.ikoma.lg.jp/0000037980.html
2025/04/26,,みど活！いこま,,,,,,,https://www.city.ikoma.lg.jp/0000037481.html
2025/04/18,,Ikoman bloom ～花とみどりいっぱい潤いあるまち生駒～,,,,,,,https://www.city.ikoma.lg.jp/0000037161.html
2025/11/15,,ボランティア はじめの一歩,,,,,,,https://www.city.ikoma.lg.jp/0000035992.html
2024/05/26,,生駒台みんなの森,,,,,,,https://www.city.ikoma.lg.jp/0000018228.html
2026/01/28,,親と子のあそび「ぱんだ」【参加者募集】,,,,,,,https://www.city.ikoma.lg.jp/0000039490.html
2026/01/24,,生駒山麓公園イベント　天体観測&焚き火　惑星チャレンジ,,,,,,,https://www.city.ikoma.lg.jp/0000039281.html
2026/01/24,,夫婦で考えよう　パパの子育て力向上ゼミ（1月開講）【参加者募集】,,,,,,,https://www.city.ikoma.lg.jp/0000039499.html
2026/01/19,,【参加者募集】親子の絆づくりプログラム2　きょうだいが生まれた！（1月開講）,,,,,,,https://www.city.ikoma.lg.jp/0000039496.html
2026/01/15,,前向き子育てプログラム　トリプルP　【参加者募集】,,,,,,,https://www.city.ikoma.lg.jp/0000039222.html
2026/01/13,,1月の子育てひろば【参加者募集】,,,,,,,https://www.city.ikoma.lg.jp/0000039475.html
2026/01/10,,新春の初かるたをご一緒（いっしょ）に,,,,,,,https://www.city.ikoma.lg.jp/0000039508.html
2026/01/10,,新春オールスターぼちぼち,,,,,,,https://www.city.ikoma.lg.jp/0000039503.html
